{
    "300004": {
        "0": {
            "Longitude": 33.0, 
            "RotationY": 360.0, 
            "SkyLightBaseColor": {
                "__tuple__": true, 
                "items": [
                    216.00000232458115, 
                    237.0000010728836, 
                    255.0, 
                    1.0
                ]
            }, 
            "SkyLightIntensityScale": 4.5, 
            "SunColor": {
                "__tuple__": true, 
                "items": [
                    93.00000205636024, 
                    134.00000721216202, 
                    205.00000298023224
                ]
            }, 
            "SunColorIntensity": 4.0, 
            "time": 0.0
        }, 
        "1": {
            "Longitude": 36.0, 
            "RotationY": 345.0, 
            "SkyLightBaseColor": {
                "__tuple__": true, 
                "items": [
                    216.00000232458115, 
                    237.0000010728836, 
                    255.0, 
                    1.0
                ]
            }, 
            "SkyLightIntensityScale": 4.5, 
            "SunColor": {
                "__tuple__": true, 
                "items": [
                    93.00000205636024, 
                    134.00000721216202, 
                    205.00000298023224
                ]
            }, 
            "SunColorIntensity": 4.0, 
            "time": 1.0
        }, 
        "2": {
            "Longitude": 42.0, 
            "RotationY": 330.0, 
            "SkyLightBaseColor": {
                "__tuple__": true, 
                "items": [
                    216.00000232458115, 
                    237.0000010728836, 
                    255.0, 
                    1.0
                ]
            }, 
            "SkyLightIntensityScale": 4.5, 
            "SunColor": {
                "__tuple__": true, 
                "items": [
                    93.00000205636024, 
                    134.00000721216202, 
                    205.00000298023224
                ]
            }, 
            "SunColorIntensity": 4.0, 
            "time": 2.0
        }, 
        "4": {
            "Longitude": 52.0, 
            "RotationY": 300.0, 
            "SkyLightBaseColor": {
                "__tuple__": true, 
                "items": [
                    216.00000232458115, 
                    237.0000010728836, 
                    255.0, 
                    1.0
                ]
            }, 
            "SkyLightIntensityScale": 4.5, 
            "SunColor": {
                "__tuple__": true, 
                "items": [
                    93.00000205636024, 
                    134.00000721216202, 
                    205.00000298023224
                ]
            }, 
            "SunColorIntensity": 4.0, 
            "time": 4.0
        }, 
        "6": {
            "Longitude": 56.0, 
            "RotationY": 270.0, 
            "SkyLightBaseColor": {
                "__tuple__": true, 
                "items": [
                    216.00000232458115, 
                    237.0000010728836, 
                    255.0, 
                    1.0
                ]
            }, 
            "SkyLightIntensityScale": 4.5, 
            "SunColor": {
                "__tuple__": true, 
                "items": [
                    163.00000548362732, 
                    190.0000038743019, 
                    195.0000035762787
                ]
            }, 
            "SunColorIntensity": 4.0, 
            "time": 6.0
        }, 
        "7": {
            "Longitude": 49.5, 
            "RotationY": 247.5, 
            "SkyLightBaseColor": {
                "__tuple__": true, 
                "items": [
                    235.0000011920929, 
                    246.0000005364418, 
                    255.0, 
                    1.0
                ]
            }, 
            "SkyLightIntensityScale": 1.5, 
            "SunColor": {
                "__tuple__": true, 
                "items": [
                    200.00000327825546, 
                    215.0000023841858, 
                    182.00000435113907
                ]
            }, 
            "SunColorIntensity": 3.5, 
            "time": 7.0
        }, 
        "8": {
            "Longitude": 43.0, 
            "RotationY": 225.0, 
            "SkyLightBaseColor": {
                "__tuple__": true, 
                "items": [
                    255.0, 
                    255.0, 
                    255.0, 
                    1.0
                ]
            }, 
            "SkyLightIntensityScale": 0.75, 
            "SunColor": {
                "__tuple__": true, 
                "items": [
                    237.0000010728836, 
                    240.00000089406967, 
                    169.00000512599945
                ]
            }, 
            "SunColorIntensity": 7.5, 
            "time": 8.0
        }, 
        "10": {
            "Longitude": 42.5, 
            "RotationY": 210.0, 
            "SkyLightBaseColor": {
                "__tuple__": true, 
                "items": [
                    255.0, 
                    255.0, 
                    255.0, 
                    1.0
                ]
            }, 
            "SkyLightIntensityScale": 0.75, 
            "SunColor": {
                "__tuple__": true, 
                "items": [
                    243.00000071525574, 
                    235.0000011920929, 
                    154.00000602006912
                ]
            }, 
            "SunColorIntensity": 7.5, 
            "time": 10.0
        }, 
        "12": {
            "Longitude": 34.0, 
            "RotationY": 180.0, 
            "SkyLightBaseColor": {
                "__tuple__": true, 
                "items": [
                    255.0, 
                    255.0, 
                    255.0, 
                    1.0
                ]
            }, 
            "SkyLightIntensityScale": 0.75, 
            "SunColor": {
                "__tuple__": true, 
                "items": [
                    255.0, 
                    224.000001847744, 
                    125.00000014901161
                ]
            }, 
            "SunColorIntensity": 7.5, 
            "time": 12.0
        }, 
        "13": {
            "Longitude": 36.5, 
            "RotationY": 165.0, 
            "SkyLightBaseColor": {
                "__tuple__": true, 
                "items": [
                    255.0, 
                    255.0, 
                    255.0, 
                    1.0
                ]
            }, 
            "SkyLightIntensityScale": 0.75, 
            "SunColor": {
                "__tuple__": true, 
                "items": [
                    255.0, 
                    216.00000232458115, 
                    117.00000062584877
                ]
            }, 
            "SunColorIntensity": 7.5, 
            "time": 13.0
        }, 
        "14": {
            "Longitude": 42.0, 
            "RotationY": 150.0, 
            "SkyLightBaseColor": {
                "__tuple__": true, 
                "items": [
                    255.0, 
                    255.0, 
                    255.0, 
                    1.0
                ]
            }, 
            "SkyLightIntensityScale": 0.75, 
            "SunColor": {
                "__tuple__": true, 
                "items": [
                    255.0, 
                    208.0000028014183, 
                    110.00000104308128
                ]
            }, 
            "SunColorIntensity": 7.5, 
            "time": 14.0
        }, 
        "16": {
            "Longitude": 56.0, 
            "RotationY": 120.0, 
            "SkyLightBaseColor": {
                "__tuple__": true, 
                "items": [
                    255.0, 
                    220.00000208616257, 
                    203.00000309944153, 
                    1.0
                ]
            },